,fileid,prediction
0,MLSP_test1301172.npy,Bark
1,MLSP_test113179.npy,Crying_and_sobbing
2,MLSP_test1865154.npy,Meow
3,MLSP_test896150.npy,Knock
4,MLSP_test485355.npy,Bark
5,MLSP_test688497.npy,Doorbell
6,MLSP_test130845.npy,Bark
7,MLSP_test489164.npy,Knock
8,MLSP_test1553343.npy,Shatter
9,MLSP_test286435.npy,Bark
10,MLSP_test997159.npy,Crying_and_sobbing
11,MLSP_test2679170.npy,Microwave_oven
12,MLSP_test684486.npy,Doorbell
13,MLSP_test77893.npy,Meow
14,MLSP_test2559120.npy,Meow
15,MLSP_test1443477.npy,Crying_and_sobbing
16,MLSP_test8403.npy,Knock
17,MLSP_test210764.npy,Vehicle_horn_and_car_horn_and_honking
18,MLSP_test1968494.npy,Meow
19,MLSP_test572384.npy,Microwave_oven
20,MLSP_test68915.npy,Doorbell
21,MLSP_test149028.npy,Crying_and_sobbing
22,MLSP_test2158293.npy,Crying_and_sobbing
23,MLSP_test2462130.npy,Vehicle_horn_and_car_horn_and_honking
24,MLSP_test58686.npy,Shatter
25,MLSP_test2823431.npy,Crying_and_sobbing
26,MLSP_test303269.npy,Meow
27,MLSP_test968297.npy,Knock
28,MLSP_test2073257.npy,Siren
29,MLSP_test1116162.npy,Meow
30,MLSP_test2647496.npy,Crying_and_sobbing
31,MLSP_test6416.npy,Vehicle_horn_and_car_horn_and_honking
32,MLSP_test683408.npy,Doorbell
33,MLSP_test632353.npy,Doorbell
34,MLSP_test1077269.npy,Shatter
35,MLSP_test206085.npy,Bark
36,MLSP_test2109311.npy,Bark
37,MLSP_test574217.npy,Crying_and_sobbing
38,MLSP_test1163322.npy,Meow
39,MLSP_test3739.npy,Vehicle_horn_and_car_horn_and_honking
40,MLSP_test2471429.npy,Walk_and_footsteps
41,MLSP_test1404304.npy,Doorbell
42,MLSP_test620253.npy,Doorbell
43,MLSP_test592439.npy,Vehicle_horn_and_car_horn_and_honking
44,MLSP_test1277465.npy,Meow
45,MLSP_test1524204.npy,Crying_and_sobbing
46,MLSP_test432208.npy,Bark
47,MLSP_test901102.npy,Knock
48,MLSP_test616123.npy,Doorbell
49,MLSP_test1706153.npy,Knock
50,MLSP_test1602453.npy,Walk_and_footsteps
51,MLSP_test2072214.npy,Siren
52,MLSP_test1140162.npy,Siren
53,MLSP_test2068447.npy,Knock
54,MLSP_test682163.npy,Doorbell
55,MLSP_test6905.npy,Bark
56,MLSP_test1216256.npy,Doorbell
57,MLSP_test2153476.npy,Knock
58,MLSP_test6052.npy,Shatter
59,MLSP_test755223.npy,Bark
60,MLSP_test58819.npy,Crying_and_sobbing
61,MLSP_test2590367.npy,Walk_and_footsteps
62,MLSP_test7672.npy,Siren
63,MLSP_test942230.npy,Knock
64,MLSP_test2186214.npy,Vehicle_horn_and_car_horn_and_honking
65,MLSP_test1306499.npy,Meow
66,MLSP_test1053175.npy,Siren
67,MLSP_test1451403.npy,Bark
68,MLSP_test2144237.npy,Crying_and_sobbing
69,MLSP_test856170.npy,Knock
70,MLSP_test56548.npy,Crying_and_sobbing
71,MLSP_test49854.npy,Bark
72,MLSP_test63869.npy,Doorbell
73,MLSP_test6118.npy,Bark
74,MLSP_test5143.npy,Vehicle_horn_and_car_horn_and_honking
75,MLSP_test2472403.npy,Bark
76,MLSP_test2155260.npy,Vehicle_horn_and_car_horn_and_honking
77,MLSP_test7835.npy,Meow
78,MLSP_test2154380.npy,Siren
79,MLSP_test569232.npy,Siren
80,MLSP_test7443.npy,Vehicle_horn_and_car_horn_and_honking
81,MLSP_test88227.npy,Knock
82,MLSP_test1798478.npy,Shatter
83,MLSP_test2081207.npy,Siren
84,MLSP_test1186185.npy,Meow
85,MLSP_test639115.npy,Doorbell
86,MLSP_test213499.npy,Shatter
87,MLSP_test7723.npy,Siren
88,MLSP_test301421.npy,Bark
89,MLSP_test17186.npy,Knock
90,MLSP_test1778475.npy,Shatter
91,MLSP_test2012248.npy,Knock
92,MLSP_test140846.npy,Shatter
93,MLSP_test6886.npy,Vehicle_horn_and_car_horn_and_honking
94,MLSP_test1373407.npy,Microwave_oven
95,MLSP_test2085405.npy,Bark
96,MLSP_test80263.npy,Knock
97,MLSP_test423139.npy,Walk_and_footsteps
98,MLSP_test2693194.npy,Walk_and_footsteps
99,MLSP_test208923.npy,Doorbell
100,MLSP_test2204281.npy,Walk_and_footsteps
101,MLSP_test645492.npy,Shatter
102,MLSP_test2409.npy,Siren
103,MLSP_test55458.npy,Crying_and_sobbing
104,MLSP_test2142247.npy,Vehicle_horn_and_car_horn_and_honking
105,MLSP_test712344.npy,Doorbell
106,MLSP_test1457299.npy,Meow
107,MLSP_test774107.npy,Knock
108,MLSP_test463146.npy,Bark
109,MLSP_test2077439.npy,Siren
110,MLSP_test1134284.npy,Microwave_oven
111,MLSP_test1458291.npy,Crying_and_sobbing
112,MLSP_test1194176.npy,Microwave_oven
113,MLSP_test198998.npy,Bark
114,MLSP_test941333.npy,Meow
115,MLSP_test6401.npy,Bark
116,MLSP_test7347.npy,Bark
117,MLSP_test552352.npy,Crying_and_sobbing
118,MLSP_test2098444.npy,Siren
119,MLSP_test819237.npy,Microwave_oven
120,MLSP_test651130.npy,Doorbell
121,MLSP_test1353495.npy,Microwave_oven
122,MLSP_test2211271.npy,Doorbell
123,MLSP_test2108410.npy,Bark
124,MLSP_test1205141.npy,Meow
125,MLSP_test2318377.npy,Microwave_oven
126,MLSP_test2071356.npy,Siren
127,MLSP_test665311.npy,Shatter
128,MLSP_test25298.npy,Crying_and_sobbing
129,MLSP_test8395.npy,Vehicle_horn_and_car_horn_and_honking
130,MLSP_test1498106.npy,Bark
131,MLSP_test2566454.npy,Crying_and_sobbing
132,MLSP_test1649169.npy,Shatter
133,MLSP_test205489.npy,Siren
134,MLSP_test7490.npy,Bark
135,MLSP_test2074455.npy,Siren
136,MLSP_test597453.npy,Walk_and_footsteps
137,MLSP_test2426402.npy,Walk_and_footsteps
138,MLSP_test2406.npy,Siren
139,MLSP_test2545247.npy,Siren
140,MLSP_test536357.npy,Meow
141,MLSP_test925449.npy,Bark
142,MLSP_test329269.npy,Bark
143,MLSP_test582166.npy,Bark
144,MLSP_test20111.npy,Crying_and_sobbing
145,MLSP_test1235269.npy,Meow
146,MLSP_test584349.npy,Crying_and_sobbing
147,MLSP_test55319.npy,Crying_and_sobbing
148,MLSP_test2229354.npy,Vehicle_horn_and_car_horn_and_honking
149,MLSP_test2091205.npy,Vehicle_horn_and_car_horn_and_honking
150,MLSP_test1395138.npy,Microwave_oven
151,MLSP_test7872.npy,Bark
152,MLSP_test182273.npy,Meow
153,MLSP_test65746.npy,Doorbell
154,MLSP_test580456.npy,Crying_and_sobbing
155,MLSP_test612184.npy,Crying_and_sobbing
156,MLSP_test2565453.npy,Crying_and_sobbing
157,MLSP_test2182439.npy,Vehicle_horn_and_car_horn_and_honking
158,MLSP_test2065366.npy,Doorbell
159,MLSP_test192098.npy,Shatter
160,MLSP_test1683220.npy,Crying_and_sobbing
161,MLSP_test2336133.npy,Bark
162,MLSP_test1328457.npy,Siren
163,MLSP_test1071.npy,Vehicle_horn_and_car_horn_and_honking
164,MLSP_test2062232.npy,Siren
165,MLSP_test1805429.npy,Shatter
166,MLSP_test599390.npy,Crying_and_sobbing
167,MLSP_test173438.npy,Walk_and_footsteps
168,MLSP_test1475459.npy,Knock
169,MLSP_test132489.npy,Bark
170,MLSP_test1516233.npy,Bark
171,MLSP_test2082223.npy,Siren
172,MLSP_test6079.npy,Crying_and_sobbing
173,MLSP_test732470.npy,Crying_and_sobbing
174,MLSP_test633242.npy,Doorbell
175,MLSP_test130220.npy,Doorbell
176,MLSP_test1357311.npy,Microwave_oven
177,MLSP_test2552281.npy,Knock
178,MLSP_test2061309.npy,Walk_and_footsteps
179,MLSP_test1515407.npy,Microwave_oven
180,MLSP_test68182.npy,Doorbell
181,MLSP_test932110.npy,Bark
182,MLSP_test18380.npy,Bark
183,MLSP_test1362223.npy,Microwave_oven
184,MLSP_test1582420.npy,Shatter
185,MLSP_test566180.npy,Crying_and_sobbing
186,MLSP_test2115430.npy,Siren
187,MLSP_test1810394.npy,Shatter
188,MLSP_test453350.npy,Meow
189,MLSP_test1192345.npy,Meow
190,MLSP_test1289164.npy,Meow
191,MLSP_test1820283.npy,Knock
192,MLSP_test2206272.npy,Microwave_oven
193,MLSP_test1379148.npy,Shatter
194,MLSP_test593381.npy,Crying_and_sobbing
195,MLSP_test2779413.npy,Walk_and_footsteps
196,MLSP_test4577.npy,Bark
197,MLSP_test68320.npy,Crying_and_sobbing
198,MLSP_test2090121.npy,Siren
199,MLSP_test2828417.npy,Walk_and_footsteps
200,MLSP_test2239166.npy,Vehicle_horn_and_car_horn_and_honking
